review_tier,tier_reason,output_image,target_class,confidence,bbox_area_ratio,warning_flags,split,preview_path,source_image
3,boundary_clamped flag set,paper_000093.jpg,paper,0.6674,0.7441,boundary_clamped,train,,datasets/recycling_material_real_selected/paper/KakaoTalk_20260707_220818751_17.jpg
3,boundary_clamped flag set,paper_000098.jpg,paper,0.6632,0.6383,boundary_clamped,train,,datasets/recycling_material_real_selected/paper/KakaoTalk_20260707_220818751_20.jpg
3,boundary_clamped flag set,plastic_000179.jpg,plastic,0.9498,0.6171,boundary_clamped,train,,datasets/recycling_material_real_selected/plastic/KakaoTalk_20260707_220859006_28.jpg
3,boundary_clamped flag set,paper_000097.jpg,paper,0.7832,0.4909,boundary_clamped,train,,datasets/recycling_material_real_selected/paper/KakaoTalk_20260707_220818751_03.jpg
3,boundary_clamped flag set,plastic_000171.jpg,plastic,0.9371,0.4556,boundary_clamped,train,,datasets/recycling_material_real_selected/plastic/KakaoTalk_20260707_220859006_06.jpg
3,boundary_clamped flag set,paper_000021.jpg,paper,0.7190,0.4254,boundary_clamped,val,,datasets/recycling_material_real_selected/paper/KakaoTalk_20260707_220818751_21.jpg
3,boundary_clamped flag set,plastic_000183.jpg,plastic,0.9195,0.3861,boundary_clamped,train,,datasets/recycling_material_real_selected/plastic/KakaoTalk_20260707_220859006_04.jpg
3,boundary_clamped flag set,plastic_000168.jpg,plastic,0.9328,0.3769,boundary_clamped,train,datasets/recycling_yolo_material_v1_real_aug/previews/real_selected_train_plastic_000168_preview.jpg,datasets/recycling_material_real_selected/plastic/KakaoTalk_20260707_220859006_08.jpg
3,boundary_clamped flag set,paper_000082.jpg,paper,0.4504,0.3736,boundary_clamped,train,datasets/recycling_yolo_material_v1_real_aug/previews/real_selected_train_paper_000082_preview.jpg,datasets/recycling_material_real_selected/paper/KakaoTalk_20260707_220818751_12.jpg
3,boundary_clamped flag set,plastic_000184.jpg,plastic,0.9524,0.3540,boundary_clamped,train,,datasets/recycling_material_real_selected/plastic/KakaoTalk_20260707_220900255_04.jpg
3,boundary_clamped flag set,plastic_000175.jpg,plastic,0.9574,0.3367,boundary_clamped,train,,datasets/recycling_material_real_selected/plastic/KakaoTalk_20260707_220859006_13.jpg
3,boundary_clamped flag set,paper_000092.jpg,paper,0.8307,0.3306,boundary_clamped,train,,datasets/recycling_material_real_selected/paper/KakaoTalk_20260707_220818751_04.jpg
3,boundary_clamped flag set,paper_000084.jpg,paper,0.6969,0.2815,boundary_clamped,train,datasets/recycling_yolo_material_v1_real_aug/previews/real_selected_train_paper_000084_preview.jpg,datasets/recycling_material_real_selected/paper/KakaoTalk_20260707_220818751_19.jpg
3,boundary_clamped flag set,paper_000088.jpg,paper,0.9047,0.2552,boundary_clamped,train,datasets/recycling_yolo_material_v1_real_aug/previews/real_selected_train_paper_000088_preview.jpg,datasets/recycling_material_real_selected/paper/KakaoTalk_20260707_220818751_14.jpg
3,boundary_clamped flag set,plastic_000042.jpg,plastic,0.9644,0.2436,boundary_clamped,val,,datasets/recycling_material_real_selected/plastic/KakaoTalk_20260707_220859006_12.jpg
3,boundary_clamped flag set,plastic_000187.jpg,plastic,0.9622,0.2120,boundary_clamped,train,,datasets/recycling_material_real_selected/plastic/KakaoTalk_20260707_220859006_01.jpg
3,boundary_clamped flag set,plastic_000041.jpg,plastic,0.9571,0.2005,boundary_clamped,val,,datasets/recycling_material_real_selected/plastic/KakaoTalk_20260707_220859006_09.jpg
3,boundary_clamped flag set,glass_000167.jpg,glass,0.9606,0.0687,boundary_clamped,train,datasets/recycling_yolo_material_v1_real_aug/previews/real_selected_train_glass_000167_preview.jpg,datasets/recycling_material_real_selected/glass/KakaoTalk_20260707_220753713.jpg
4,bbox_area_ratio=0.5604 > 0.35,plastic_000172.jpg,plastic,0.7852,0.5604,,train,,datasets/recycling_material_real_selected/plastic/KakaoTalk_20260707_220859006_25.jpg
4,bbox_area_ratio=0.5245 > 0.35,plastic_000167.jpg,plastic,0.9462,0.5245,,train,datasets/recycling_yolo_material_v1_real_aug/previews/real_selected_train_plastic_000167_preview.jpg,datasets/recycling_material_real_selected/plastic/KakaoTalk_20260707_220859006_27.jpg
4,bbox_area_ratio=0.4974 > 0.35,plastic_000162.jpg,plastic,0.9594,0.4974,,train,datasets/recycling_yolo_material_v1_real_aug/previews/real_selected_train_plastic_000162_preview.jpg,datasets/recycling_material_real_selected/plastic/KakaoTalk_20260707_220859006_26.jpg
4,bbox_area_ratio=0.4509 > 0.35,plastic_000170.jpg,plastic,0.9132,0.4509,,train,datasets/recycling_yolo_material_v1_real_aug/previews/real_selected_train_plastic_000170_preview.jpg,datasets/recycling_material_real_selected/plastic/KakaoTalk_20260707_220900255.jpg
4,bbox_area_ratio=0.4107 > 0.35,paper_000086.jpg,paper,0.7756,0.4107,,train,datasets/recycling_yolo_material_v1_real_aug/previews/real_selected_train_paper_000086_preview.jpg,datasets/recycling_material_real_selected/paper/KakaoTalk_20260707_220818751_13.jpg
4,bbox_area_ratio=0.3935 > 0.35,paper_000087.jpg,paper,0.8215,0.3935,,train,datasets/recycling_yolo_material_v1_real_aug/previews/real_selected_train_paper_000087_preview.jpg,datasets/recycling_material_real_selected/paper/KakaoTalk_20260707_220818751_18.jpg
4,bbox_area_ratio=0.3912 > 0.35,paper_000096.jpg,paper,0.6532,0.3912,,train,,datasets/recycling_material_real_selected/paper/KakaoTalk_20260707_220818751.jpg
4,bbox_area_ratio=0.3847 > 0.35,paper_000091.jpg,paper,0.7502,0.3847,,train,,datasets/recycling_material_real_selected/paper/KakaoTalk_20260707_220818751_11.jpg
4,bbox_area_ratio=0.3647 > 0.35,plastic_000165.jpg,plastic,0.9433,0.3647,,train,datasets/recycling_yolo_material_v1_real_aug/previews/real_selected_train_plastic_000165_preview.jpg,datasets/recycling_material_real_selected/plastic/KakaoTalk_20260707_220859006_10.jpg
4,bbox_area_ratio=0.3562 > 0.35,paper_000024.jpg,paper,0.8401,0.3562,,val,,datasets/recycling_material_real_selected/paper/KakaoTalk_20260707_220818751_15.jpg
5,target_class=plastic matches the class driving real_aug's unsafe ACCEPT_SORT cases,plastic_000186.jpg,plastic,0.9571,0.3189,,train,,datasets/recycling_material_real_selected/plastic/KakaoTalk_20260707_220859006_17.jpg
5,target_class=plastic matches the class driving real_aug's unsafe ACCEPT_SORT cases,plastic_000166.jpg,plastic,0.7390,0.3106,,train,datasets/recycling_yolo_material_v1_real_aug/previews/real_selected_train_plastic_000166_preview.jpg,datasets/recycling_material_real_selected/plastic/KakaoTalk_20260707_220859006_11.jpg
5,target_class=paper matches the class driving real_aug's unsafe ACCEPT_SORT cases,paper_000089.jpg,paper,0.7386,0.2901,,train,datasets/recycling_yolo_material_v1_real_aug/previews/real_selected_train_paper_000089_preview.jpg,datasets/recycling_material_real_selected/paper/KakaoTalk_20260707_220818751_10.jpg
5,target_class=plastic matches the class driving real_aug's unsafe ACCEPT_SORT cases,plastic_000178.jpg,plastic,0.9139,0.2900,,train,,datasets/recycling_material_real_selected/plastic/KakaoTalk_20260707_220900255_02.jpg
5,target_class=plastic matches the class driving real_aug's unsafe ACCEPT_SORT cases,plastic_000045.jpg,plastic,0.9624,0.2781,,val,,datasets/recycling_material_real_selected/plastic/KakaoTalk_20260707_220900255_01.jpg
5,target_class=plastic matches the class driving real_aug's unsafe ACCEPT_SORT cases,plastic_000047.jpg,plastic,0.9595,0.2743,,val,,datasets/recycling_material_real_selected/plastic/KakaoTalk_20260707_220859006_29.jpg
5,target_class=plastic matches the class driving real_aug's unsafe ACCEPT_SORT cases,plastic_000164.jpg,plastic,0.7667,0.2677,,train,datasets/recycling_yolo_material_v1_real_aug/previews/real_selected_train_plastic_000164_preview.jpg,datasets/recycling_material_real_selected/plastic/KakaoTalk_20260707_220859006_14.jpg
5,target_class=plastic matches the class driving real_aug's unsafe ACCEPT_SORT cases,plastic_000161.jpg,plastic,0.9695,0.2631,,train,datasets/recycling_yolo_material_v1_real_aug/previews/real_selected_train_plastic_000161_preview.jpg,datasets/recycling_material_real_selected/plastic/KakaoTalk_20260707_220859006_16.jpg
5,target_class=paper matches the class driving real_aug's unsafe ACCEPT_SORT cases,paper_000023.jpg,paper,0.8656,0.2586,,val,,datasets/recycling_material_real_selected/paper/KakaoTalk_20260707_220818751_02.jpg
5,target_class=plastic matches the class driving real_aug's unsafe ACCEPT_SORT cases,plastic_000046.jpg,plastic,0.9305,0.2384,,val,,datasets/recycling_material_real_selected/plastic/KakaoTalk_20260707_220859006_22.jpg
5,target_class=paper matches the class driving real_aug's unsafe ACCEPT_SORT cases,paper_000083.jpg,paper,0.6928,0.2347,,train,datasets/recycling_yolo_material_v1_real_aug/previews/real_selected_train_paper_000083_preview.jpg,datasets/recycling_material_real_selected/paper/KakaoTalk_20260707_220818751_16.jpg
5,target_class=plastic matches the class driving real_aug's unsafe ACCEPT_SORT cases,plastic_000188.jpg,plastic,0.8815,0.2320,,train,,datasets/recycling_material_real_selected/plastic/KakaoTalk_20260707_220859006_07.jpg
5,target_class=plastic matches the class driving real_aug's unsafe ACCEPT_SORT cases,plastic_000163.jpg,plastic,0.9169,0.2220,,train,datasets/recycling_yolo_material_v1_real_aug/previews/real_selected_train_plastic_000163_preview.jpg,datasets/recycling_material_real_selected/plastic/KakaoTalk_20260707_220859006_24.jpg
5,target_class=plastic matches the class driving real_aug's unsafe ACCEPT_SORT cases,plastic_000185.jpg,plastic,0.9369,0.2162,,train,,datasets/recycling_material_real_selected/plastic/KakaoTalk_20260707_220859006_15.jpg
5,target_class=paper matches the class driving real_aug's unsafe ACCEPT_SORT cases,paper_000090.jpg,paper,0.8390,0.2069,,train,datasets/recycling_yolo_material_v1_real_aug/previews/real_selected_train_paper_000090_preview.jpg,datasets/recycling_material_real_selected/paper/KakaoTalk_20260707_220818751_01.jpg
5,target_class=plastic matches the class driving real_aug's unsafe ACCEPT_SORT cases,plastic_000182.jpg,plastic,0.9567,0.2010,,train,,datasets/recycling_material_real_selected/plastic/KakaoTalk_20260707_220859006_23.jpg
5,target_class=plastic matches the class driving real_aug's unsafe ACCEPT_SORT cases,plastic_000174.jpg,plastic,0.8794,0.1928,,train,,datasets/recycling_material_real_selected/plastic/KakaoTalk_20260707_220900255_03.jpg
5,target_class=plastic matches the class driving real_aug's unsafe ACCEPT_SORT cases,plastic_000181.jpg,plastic,0.9682,0.1875,,train,,datasets/recycling_material_real_selected/plastic/KakaoTalk_20260707_220859006_03.jpg
5,target_class=plastic matches the class driving real_aug's unsafe ACCEPT_SORT cases,plastic_000180.jpg,plastic,0.9111,0.1838,,train,,datasets/recycling_material_real_selected/plastic/KakaoTalk_20260707_220859006_21.jpg
5,target_class=plastic matches the class driving real_aug's unsafe ACCEPT_SORT cases,plastic_000177.jpg,plastic,0.9581,0.1770,,train,,datasets/recycling_material_real_selected/plastic/KakaoTalk_20260707_220859006_02.jpg
5,target_class=paper matches the class driving real_aug's unsafe ACCEPT_SORT cases,paper_000085.jpg,paper,0.8174,0.1697,,train,datasets/recycling_yolo_material_v1_real_aug/previews/real_selected_train_paper_000085_preview.jpg,datasets/recycling_material_real_selected/paper/KakaoTalk_20260707_220818751_06.jpg
5,target_class=paper matches the class driving real_aug's unsafe ACCEPT_SORT cases,paper_000022.jpg,paper,0.8994,0.1685,,val,,datasets/recycling_material_real_selected/paper/KakaoTalk_20260707_220818751_05.jpg
5,target_class=plastic matches the class driving real_aug's unsafe ACCEPT_SORT cases,plastic_000043.jpg,plastic,0.9713,0.1512,,val,,datasets/recycling_material_real_selected/plastic/KakaoTalk_20260707_220859006_05.jpg
5,target_class=plastic matches the class driving real_aug's unsafe ACCEPT_SORT cases,plastic_000173.jpg,plastic,0.9670,0.1341,,train,,datasets/recycling_material_real_selected/plastic/KakaoTalk_20260707_220859006.jpg
5,target_class=plastic matches the class driving real_aug's unsafe ACCEPT_SORT cases,plastic_000176.jpg,plastic,0.9570,0.1230,,train,,datasets/recycling_material_real_selected/plastic/KakaoTalk_20260707_220859006_18.jpg
5,target_class=paper matches the class driving real_aug's unsafe ACCEPT_SORT cases,paper_000081.jpg,paper,0.6596,0.1228,,train,datasets/recycling_yolo_material_v1_real_aug/previews/real_selected_train_paper_000081_preview.jpg,datasets/recycling_material_real_selected/paper/KakaoTalk_20260707_220818751_09.jpg
5,target_class=paper matches the class driving real_aug's unsafe ACCEPT_SORT cases,paper_000094.jpg,paper,0.6945,0.1169,,train,,datasets/recycling_material_real_selected/paper/KakaoTalk_20260707_220818751_07.jpg
5,target_class=plastic matches the class driving real_aug's unsafe ACCEPT_SORT cases,plastic_000044.jpg,plastic,0.9716,0.1139,,val,,datasets/recycling_material_real_selected/plastic/KakaoTalk_20260707_220859006_20.jpg
5,target_class=paper matches the class driving real_aug's unsafe ACCEPT_SORT cases,paper_000095.jpg,paper,0.6880,0.0902,,train,,datasets/recycling_material_real_selected/paper/KakaoTalk_20260707_220818751_08.jpg
5,target_class=plastic matches the class driving real_aug's unsafe ACCEPT_SORT cases,plastic_000169.jpg,plastic,0.9634,0.0791,,train,datasets/recycling_yolo_material_v1_real_aug/previews/real_selected_train_plastic_000169_preview.jpg,datasets/recycling_material_real_selected/plastic/KakaoTalk_20260707_220859006_19.jpg
6,no quality/risk flags raised,glass_000161.jpg,glass,0.6765,0.3180,,train,datasets/recycling_yolo_material_v1_real_aug/previews/real_selected_train_glass_000161_preview.jpg,datasets/recycling_material_real_selected/glass/KakaoTalk_20260707_220753713_02.jpg
6,no quality/risk flags raised,metal_000165.jpg,metal,0.9517,0.2103,,train,datasets/recycling_yolo_material_v1_real_aug/previews/real_selected_train_metal_000165_preview.jpg,datasets/recycling_material_real_selected/metal/KakaoTalk_20260707_220619546_16.jpg
6,no quality/risk flags raised,glass_000166.jpg,glass,0.8717,0.1985,,train,datasets/recycling_yolo_material_v1_real_aug/previews/real_selected_train_glass_000166_preview.jpg,datasets/recycling_material_real_selected/glass/KakaoTalk_20260707_220753713_04.jpg
6,no quality/risk flags raised,metal_000164.jpg,metal,0.8881,0.1857,,train,datasets/recycling_yolo_material_v1_real_aug/previews/real_selected_train_metal_000164_preview.jpg,datasets/recycling_material_real_selected/metal/KakaoTalk_20260707_220619546_14.jpg
6,no quality/risk flags raised,metal_000044.jpg,metal,0.9331,0.1844,,val,,datasets/recycling_material_real_selected/metal/KakaoTalk_20260707_220619546_23.jpg
6,no quality/risk flags raised,metal_000162.jpg,metal,0.9285,0.1796,,train,datasets/recycling_yolo_material_v1_real_aug/previews/real_selected_train_metal_000162_preview.jpg,datasets/recycling_material_real_selected/metal/KakaoTalk_20260707_220619546_17.jpg
6,no quality/risk flags raised,metal_000168.jpg,metal,0.9446,0.1620,,train,datasets/recycling_yolo_material_v1_real_aug/previews/real_selected_train_metal_000168_preview.jpg,datasets/recycling_material_real_selected/metal/KakaoTalk_20260707_220619546_21.jpg
6,no quality/risk flags raised,metal_000179.jpg,metal,0.9454,0.1534,,train,,datasets/recycling_material_real_selected/metal/KakaoTalk_20260707_220619546_20.jpg
6,no quality/risk flags raised,metal_000041.jpg,metal,0.9518,0.1503,,val,,datasets/recycling_material_real_selected/metal/KakaoTalk_20260707_220619546_15.jpg
6,no quality/risk flags raised,metal_000043.jpg,metal,0.9472,0.1482,,val,,datasets/recycling_material_real_selected/metal/KakaoTalk_20260707_220619546_18.jpg
6,no quality/risk flags raised,metal_000178.jpg,metal,0.9543,0.1294,,train,,datasets/recycling_material_real_selected/metal/KakaoTalk_20260707_220619546_03.jpg
6,no quality/risk flags raised,glass_000042.jpg,glass,0.9060,0.1263,,val,datasets/recycling_yolo_material_v1_real_aug/previews/real_selected_val_glass_000042_preview.jpg,datasets/recycling_material_real_selected/glass/KakaoTalk_20260707_220753713_03.jpg
6,no quality/risk flags raised,metal_000174.jpg,metal,0.9342,0.1243,,train,,datasets/recycling_material_real_selected/metal/KakaoTalk_20260707_220619546_19.jpg
6,no quality/risk flags raised,glass_000162.jpg,glass,0.4960,0.1233,,train,datasets/recycling_yolo_material_v1_real_aug/previews/real_selected_train_glass_000162_preview.jpg,datasets/recycling_material_real_selected/glass/KakaoTalk_20260707_220753713_08.jpg
6,no quality/risk flags raised,metal_000045.jpg,metal,0.8949,0.1138,,val,,datasets/recycling_material_real_selected/metal/KakaoTalk_20260707_220619546_13.jpg
6,no quality/risk flags raised,glass_000041.jpg,glass,0.8333,0.1133,,val,datasets/recycling_yolo_material_v1_real_aug/previews/real_selected_val_glass_000041_preview.jpg,datasets/recycling_material_real_selected/glass/KakaoTalk_20260707_220753713_07.jpg
6,no quality/risk flags raised,metal_000163.jpg,metal,0.9403,0.1108,,train,datasets/recycling_yolo_material_v1_real_aug/previews/real_selected_train_metal_000163_preview.jpg,datasets/recycling_material_real_selected/metal/KakaoTalk_20260707_220619546_11.jpg
6,no quality/risk flags raised,metal_000167.jpg,metal,0.9353,0.1094,,train,datasets/recycling_yolo_material_v1_real_aug/previews/real_selected_train_metal_000167_preview.jpg,datasets/recycling_material_real_selected/metal/KakaoTalk_20260707_220619546_12.jpg
6,no quality/risk flags raised,glass_000168.jpg,glass,0.9696,0.1091,,train,datasets/recycling_yolo_material_v1_real_aug/previews/real_selected_train_glass_000168_preview.jpg,datasets/recycling_material_real_selected/glass/KakaoTalk_20260707_220753713_01.jpg
6,no quality/risk flags raised,metal_000170.jpg,metal,0.9374,0.1088,,train,datasets/recycling_yolo_material_v1_real_aug/previews/real_selected_train_metal_000170_preview.jpg,datasets/recycling_material_real_selected/metal/KakaoTalk_20260707_220619546_09.jpg
6,no quality/risk flags raised,metal_000169.jpg,metal,0.9562,0.1077,,train,datasets/recycling_yolo_material_v1_real_aug/previews/real_selected_train_metal_000169_preview.jpg,datasets/recycling_material_real_selected/metal/KakaoTalk_20260707_220619546_06.jpg
6,no quality/risk flags raised,glass_000164.jpg,glass,0.7718,0.1040,,train,datasets/recycling_yolo_material_v1_real_aug/previews/real_selected_train_glass_000164_preview.jpg,datasets/recycling_material_real_selected/glass/KakaoTalk_20260707_220753713_06.jpg
6,no quality/risk flags raised,metal_000173.jpg,metal,0.9535,0.0999,,train,,datasets/recycling_material_real_selected/metal/KakaoTalk_20260707_220619546_04.jpg
6,no quality/risk flags raised,metal_000171.jpg,metal,0.9376,0.0953,,train,,datasets/recycling_material_real_selected/metal/KakaoTalk_20260707_220619546_02.jpg
6,no quality/risk flags raised,metal_000172.jpg,metal,0.9483,0.0920,,train,,datasets/recycling_material_real_selected/metal/KakaoTalk_20260707_220619546_22.jpg
6,no quality/risk flags raised,metal_000042.jpg,metal,0.9310,0.0854,,val,,datasets/recycling_material_real_selected/metal/KakaoTalk_20260707_220619546_05.jpg
6,no quality/risk flags raised,metal_000177.jpg,metal,0.9251,0.0845,,train,,datasets/recycling_material_real_selected/metal/KakaoTalk_20260707_220619546.jpg
6,no quality/risk flags raised,metal_000175.jpg,metal,0.9202,0.0843,,train,,datasets/recycling_material_real_selected/metal/KakaoTalk_20260707_220619546_07.jpg
6,no quality/risk flags raised,metal_000166.jpg,metal,0.9524,0.0843,,train,datasets/recycling_yolo_material_v1_real_aug/previews/real_selected_train_metal_000166_preview.jpg,datasets/recycling_material_real_selected/metal/KakaoTalk_20260707_220619546_01.jpg
6,no quality/risk flags raised,metal_000176.jpg,metal,0.8459,0.0838,,train,,datasets/recycling_material_real_selected/metal/KakaoTalk_20260707_220619546_08.jpg
6,no quality/risk flags raised,metal_000161.jpg,metal,0.9365,0.0828,,train,datasets/recycling_yolo_material_v1_real_aug/previews/real_selected_train_metal_000161_preview.jpg,datasets/recycling_material_real_selected/metal/KakaoTalk_20260707_220619546_10.jpg
6,no quality/risk flags raised,glass_000165.jpg,glass,0.6741,0.0770,,train,datasets/recycling_yolo_material_v1_real_aug/previews/real_selected_train_glass_000165_preview.jpg,datasets/recycling_material_real_selected/glass/KakaoTalk_20260707_220753713_09.jpg
6,no quality/risk flags raised,glass_000163.jpg,glass,0.6096,0.0726,,train,datasets/recycling_yolo_material_v1_real_aug/previews/real_selected_train_glass_000163_preview.jpg,datasets/recycling_material_real_selected/glass/KakaoTalk_20260707_220753713_05.jpg
